SNP,Chromosome,Position,sstart,send
FH126,chr3,29812608,29812556,29812660
FH129,chr2,63563842,63563764,63563920
FH39,chr7,40812594,40812473,40812715
FH48,chr11,54271511,54271423,54271598
FH94,chr15,13862864,13862751,13862977
S03,chr27,28578887,28578816,28578957
FH67,chr3,10597938,10597833,10598043
FH102,chr1,186054079,186053991,186054167
FH103,chr10,67334741,67334664,67334817
FH127,chr1,177987807,177987685,177987928
FH153,chrUn0017,4525459,4525372,4525546
FH40,chr17,39726115,39725998,39726232
FH60,chr5,44868772,44868699,44868845
S04,chrUn0080,1397270,1397192,1397347
FH71,chr23,12112928,12112828,12113028
MeP1a,chr1,117335000.5,117320001,117350000
AMELX,chrX,20423110,19913744,20932476
chr2_28029409_buor,chr2,28029483,28029409,28029556
chrUn0012_1684735_buor,chrUn0012,1684809,1684735,1684882
chr2_223204491_buor,chr2,223204652,223204491,223204813
chrX_115491610_buor,chrX,115491684,115491610,115491757
chrUn0014_7076898_buor,chrUn0014,7076972,7076898,7077045
chr1_110543691_buor,chr1,110543765,110543691,110543839
chr12_69409766_buor,chr12,69409840,69409766,69409914
chr2_195606531_buor,chr2,195606605,195606531,195606679
chr2_212797652_buor,chr2,212797726,212797652,212797800
chr5_113092254_buor,chr5,113092329,113092254,113092403
chr12_26132020_buor,chr12,26132094,26132020,26132167
chr4_155026488_buor,chr4,155026562,155026488,155026636
chr1_42411949_buor,chr1,42412023,42411949,42412096
chr23_27352710_buor,chr23,27352784,27352710,27352857
chr10_55077451_buor,chr10,55077525,55077451,55077599
chr18_63121867_buor,chr18,63121941,63121867,63122014
chr20_51048719_buor,chr20,51048793,51048719,51048867
chr26_72151165_buor,chr26,72151239,72151165,72151312
chr11_25137008_buor,chr11,25137082,25137008,25137155
chr3_182149783_buor,chr3,182149857,182149783,182149930
chr17_29206954_buor,chr17,29207028,29206954,29207102
chr15_18021095_buor,chr15,18021169,18021095,18021242
chr4_44432065_buor,chr4,44432139,44432065,44432212
chr3_58104795_buor,chr3,58104938,58104795,58105081
chr2_37352230_buor,chr2,37352304,37352230,37352377
chr20_31966399_buor,chr20,31966470,31966399,31966540
chrUn0032_2109975_buor,chrUn0032,2110049,2109975,2110122
chrUn0104_259223_buor,chrUn0104,259297,259223,259370
chr26_49411296_buor,chr26,49411372,49411296,49411447
chrUn0108_328860_buor,chrUn0108,328934,328860,329007
chr8_22148324_buor,chr8,22148398,22148324,22148471
chrUn0005_6095502_buor,chrUn0005,6095576,6095502,6095650
chr2_80844328_buor,chr2,80844480,80844328,80844632
chr3_10074057_buor,chr3,10074217,10074057,10074376
chr2_81163760_buor,chr2,81163834,81163760,81163907
chr14_45557506_buor,chr14,45557580,45557506,45557653
chr7_34590440_buor,chr7,34590514,34590440,34590587
chr5_20254134_buor,chr5,20254208,20254134,20254282
chr21_24021850_buor,chr21,24021925,24021850,24021999
chr15_88337377_buor,chr15,88337451,88337377,88337524
chr3_122111199_buor,chr3,122111273,122111199,122111347
chrUn0624_5981_buor,chrUn0624,6132,5981,6283
chr3_52937230_buor,chr3,52937304,52937230,52937377
chr2_212175879_buor,chr2,212175953,212175879,212176027
chr17_24314869_buor,chr17,24314943,24314869,24315017
chr10_36734936_buor,chr10,36735010,36734936,36735083
chr2_155564730_buor,chr2,155564884,155564730,155565038
chr9_56583092_buor,chr9,56583166,56583092,56583239
chr23_13854801_buor,chr23,13854875,13854801,13854948
chrX_35643493_buor,chrX,35643567,35643493,35643640
chr2_202495644_buor,chr2,202495718,202495644,202495791
chr2_220236468_buor,chr2,220236545,220236468,220236622
chr12_81226200_buor,chr12,81226274,81226200,81226347
chr11_5148305_buor,chr11,5148379,5148305,5148453
chr14_38667249_buor,chr14,38667323,38667249,38667397
chr3_131075212_buor,chr3,131075286,131075212,131075359
chr2_204800672_buor,chr2,204800746,204800672,204800820
chr1_43601749_buor,chr1,43601823,43601749,43601896
chrUn1544_1784_buor,chrUn1544,1858,1784,1932
chr23_27279129_buor,chr23,27279203,27279129,27279277
chr3_48365340_buor,chr3,48365414,48365340,48365488
chr10_73925564_buor,chr10,73925638,73925564,73925711
chr23_27316465_buor,chr23,27316539,27316465,27316612
chr10_73954211_buor,chr10,73954285,73954211,73954358
chr8_48567702_buor,chr8,48567776,48567702,48567849
chrX_68894545_buor,chrX,68894619,68894545,68894692
chr1_50330231_buor,chr1,50330387,50330231,50330542
chr27_11716385_buor,chr27,11716459,11716385,11716532
chr4_127468379_buor,chr4,127468453,127468379,127468526
chr19_13489690_buor,chr19,13489764,13489690,13489837
chr11_24783089_buor,chr11,24783163,24783089,24783237
chrUn0008_7289158_buor,chrUn0008,7289233,7289158,7289307
chr14_7096016_buor,chr14,7096169,7096016,7096322
chrUn0133_267356_buor,chrUn0133,267511,267356,267666
chr1_115550844_buor,chr1,115550919,115550844,115550993
chr12_37467898_buor,chr12,37467972,37467898,37468045
chr4_127468143_buor,chr4,127468217,127468143,127468291
chr12_22185872_buor,chr12,22185938,22185872,22186004
chr4_33485039_buor,chr4,33485116,33485039,33485192
chr18_59103338_buor,chr18,59103412,59103338,59103486
chr11_6458676_buor,chr11,6458750,6458676,6458823
chrUn0037_329609_buor,chrUn0037,329684,329609,329758
chr21_6688585_buor,chr21,6688659,6688585,6688732
chrUn1544_1784_buor,chrUn1544,1858,1784,1932
chr2_216165818_buor,chr2,216165892,216165818,216165966
chrUn0005_10281734_buor,chrUn0005,10281808,10281734,10281881
chr17_4169184_buor,chr17,4169258,4169184,4169332
chr14_46041263_buor,chr14,46041337,46041263,46041410
chrUn0829_12507_buor,chrUn0829,12581,12507,12654
chr17_39297073_buor,chr17,39297222,39297073,39297371
chr11_64972783_buor,chr11,64972857,64972783,64972930
chr3_139808894_buor,chr3,139808969,139808894,139809044
chr8_127172380_buor,chr8,127172454,127172380,127172527
chr27_10624208_buor,chr27,10624282,10624208,10624355
chr6_117064136_buor,chr6,117064210,117064136,117064283
chr25_24980657_buor,chr25,24980731,24980657,24980804
chr3_54936827_buor,chr3,54936977,54936827,54937127
chrUn0081_330320_buor,chrUn0081,330394,330320,330468
chr25_56705592_buor,chr25,56705666,56705592,56705740
chr25_42420256_buor,chr25,42420330,42420256,42420403
chrUn0018_1478223_buor,chrUn0018,1478354,1478223,1478484
chr24_20757387_buor,chr24,20757463,20757387,20757538
chrUn0447_14438_buor,chrUn0447,14594,14438,14750
chrUn0064_1341178_buor,chrUn0064,1341252,1341178,1341325
chr12_75647762_buor,chr12,75647838,75647762,75647913
chr11_5005794_buor,chr11,5005869,5005794,5005943
chr12_49504112_buor,chr12,49504186,49504112,49504260
chrUn0037_951775_buor,chrUn0037,951849,951775,951923
chr12_51423011_buor,chr12,51423086,51423011,51423161
chr5_3936788_buor,chr5,3936862,3936788,3936936
chr4_50506619_buor,chr4,50506693,50506619,50506766
chrUn0007_1745631_buor,chrUn0007,1745705,1745631,1745779
chr27_16745279_buor,chr27,16745354,16745279,16745429
chr23_3646874_buor,chr23,3646948,3646874,3647022
chr2_214445509_buor,chr2,214445583,214445509,214445657
chr6_30867421_buor,chr6,30867495,30867421,30867568
chrUn0073_52903_buor,chrUn0073,52977,52903,53051
chr12_61535025_buor,chr12,61535099,61535025,61535172
chr14_7930175_buor,chr14,7930249,7930175,7930322
chr3_46941407_buor,chr3,46941545,46941407,46941683
chrUn0053_105684_buor,chrUn0053,105757,105684,105829
chr10_42502336_buor,chr10,42502410,42502336,42502484
chrUn0067_1086961_buor,chrUn0067,1087118,1086961,1087275
chr8_10283377_buor,chr8,10283451,10283377,10283524
chr11_9992602_buor,chr11,9992676,9992602,9992749
chrUn0058_804308_buor,chrUn0058,804382,804308,804455
chrUn0012_6147224_buor,chrUn0012,6147377,6147224,6147529
chr2_166105819_buor,chr2,166105893,166105819,166105966
chr8_98081715_buor,chr8,98081789,98081715,98081862
chrUn0008_5079680_buor,chrUn0008,5079829,5079680,5079977
chrUn0115_337686_buor,chrUn0115,337760,337686,337833
chr5_111030200_buor,chr5,111030340,111030200,111030479
chr1_79328169_buor,chr1,79328243,79328169,79328316
chr12_51238085_buor,chr12,51238159,51238085,51238233
chr11_9794221_buor,chr11,9794295,9794221,9794368
chr1_23648824_buor,chr1,23648900,23648824,23648976
chr4_76468022_buor,chr4,76468096,76468022,76468169
chr21_39890285_buor,chr21,39890359,39890285,39890432
chrUn0042_3244855_buor,chrUn0042,3244931,3244855,3245006
chrUn0040_471685_buor,chrUn0040,471759,471685,471833
chr2_182177371_buor,chr2,182177445,182177371,182177518
chrUn0043_1774562_buor,chrUn0043,1774636,1774562,1774709
chrUn0053_2453270_buor,chrUn0053,2453344,2453270,2453418
chr4_139031912_buor,chr4,139031986,139031912,139032059
chr2_151324180_buor,chr2,151324254,151324180,151324328
chr23_17457928_buor,chr23,17458002,17457928,17458075
chr14_3178977_buor,chr14,3179051,3178977,3179124
chr10_89642686_buor,chr10,89642760,89642686,89642833
chrUn0554_18319_buor,chrUn0554,18393,18319,18466
chr12_52042461_buor,chr12,52042536,52042461,52042610
chr1_32693477_buor,chr1,32693630,32693477,32693782
chr12_49889523_buor,chr12,49889597,49889523,49889671
chr3_62492450_buor,chr3,62492524,62492450,62492598
chr11_7778273_buor,chr11,7778347,7778273,7778421
chrUn0002_10889083_buor,chrUn0002,10889218,10889083,10889352
chr10_20536609_buor,chr10,20536753,20536609,20536896
chr8_87979664_buor,chr8,87979808,87979664,87979951
chrUn0046_2413085_buor,chrUn0046,2413159,2413085,2413232
chrUn0005_3945451_buor,chrUn0005,3945527,3945451,3945602
chrUn0004_10908917_buor,chrUn0004,10909075,10908917,10909232
chrUn0014_4931879_buor,chrUn0014,4931954,4931879,4932028
chr20_51588907_buor,chr20,51588981,51588907,51589055
chr1_92753798_buor,chr1,92753872,92753798,92753945
chrUn0017_4383240_buor,chrUn0017,4383388,4383240,4383536
chr19_21808228_buor,chr19,21808302,21808228,21808375
chr1_55590089_buor,chr1,55590163,55590089,55590236
chrUn0008_7767903_buor,chrUn0008,7767974,7767903,7768045
chrUn0326_5387_buor,chrUn0326,5449,5387,5510
chrUn0172_5219_buor,chrUn0172,5361,5219,5502
chr25_13581763_buor,chr25,13581837,13581763,13581910
chr2_39978378_buor,chr2,39978452,39978378,39978525
chr11_5273338_buor,chr11,5273410,5273338,5273482
chr25_23741351_buor,chr25,23741425,23741351,23741498
chr6_130385869_buor,chr6,130385943,130385869,130386016
chr1_151155477_buor,chr1,151155551,151155477,151155624
chr1_178190046_buor,chr1,178190120,178190046,178190193
chr23_10662100_buor,chr23,10662261,10662100,10662421
chr12_55874218_buor,chr12,55874293,55874218,55874368
chr2_164983377_buor,chr2,164983451,164983377,164983525
chr11_9884725_buor,chr11,9884796,9884725,9884867
chrUn0006_9688815_buor,chrUn0006,9688889,9688815,9688963
chrUn0074_750320_buor,chrUn0074,750394,750320,750467
chr20_36962631_buor,chr20,36962705,36962631,36962778
chr26_7386602_buor,chr26,7386676,7386602,7386749
chrUn0020_2313178_buor,chrUn0020,2313252,2313178,2313325
chr3_58942757_buor,chr3,58942831,58942757,58942904
chrUn0053_1613634_buor,chrUn0053,1613724,1613634,1613814
chr2_71041869_buor,chr2,71041943,71041869,71042016
chr21_10930973_buor,chr21,10931118,10930973,10931262
chr3_181042457_buor,chr3,181042531,181042457,181042604
chr6_162841451_buor,chr6,162841526,162841451,162841600
chr15_23020230_buor,chr15,23020375,23020230,23020519
chr10_84887107_buor,chr10,84887182,84887107,84887257
chr23_10890914_buor,chr23,10890988,10890914,10891062
chr4_148191267_buor,chr4,148191341,148191267,148191414
chr26_33746185_buor,chr26,33746259,33746185,33746333
chr18_58700669_buor,chr18,58700743,58700669,58700817
chrUn0030_793586_buor,chrUn0030,793660,793586,793733
chrUn0040_2465752_buor,chrUn0040,2465826,2465752,2465899
chrX_8622834_buor,chrX,8622908,8622834,8622981
chrUn0015_7668223_buor,chrUn0015,7668297,7668223,7668370
chr10_3215337_buor,chr10,3215477,3215337,3215616
chr9_62091408_buor,chr9,62091482,62091408,62091555
chr16_16247815_buor,chr16,16247892,16247815,16247968
chr10_5095685_buor,chr10,5095759,5095685,5095832
chrUn0152_308720_buor,chrUn0152,308794,308720,308868
chr11_32438743_buor,chr11,32438895,32438743,32439047
chrUn0013_5015889_buor,chrUn0013,5015963,5015889,5016036
chr15_82510591_buor,chr15,82510665,82510591,82510738
chr18_33304082_buor,chr18,33304157,33304082,33304231
chr20_52111562_buor,chr20,52111636,52111562,52111709
chr8_88285633_buor,chr8,88285707,88285633,88285780
chr19_20275586_buor,chr19,20275660,20275586,20275734
chrUn0159_70411_buor,chrUn0159,70484,70411,70556
chrUn0055_1571774_buor,chrUn0055,1571909,1571774,1572043
chr5_116585155_buor,chr5,116585296,116585155,116585436
chrUn0001_9894030_buor,chrUn0001,9894179,9894030,9894327
chr14_14478674_buor,chr14,14478749,14478674,14478823
chrUn0049_1819866_buor,chrUn0049,1819941,1819866,1820015
chr4_154117416_buor,chr4,154117490,154117416,154117563
chrUn0110_186156_buor,chrUn0110,186231,186156,186305
chr26_7790698_buor,chr26,7790772,7790698,7790845
chr15_29137658_buor,chr15,29137732,29137658,29137805
chr20_9394648_buor,chr20,9394722,9394648,9394795
chrUn0002_10888880_buor,chrUn0002,10888954,10888880,10889027
chr20_54468004_buor,chr20,54468079,54468004,54468154
chrUn0008_3136797_buor,chrUn0008,3136943,3136797,3137088
chr9_61984025_buor,chr9,61984099,61984025,61984173
chrUn0484_4597_buor,chrUn0484,4671,4597,4744
chr16_7744969_buor,chr16,7745043,7744969,7745116
chrX_117466357_buor,chrX,117466431,117466357,117466504
chr12_51311069_buor,chr12,51311142,51311069,51311215
chr19_22935817_buor,chr19,22935891,22935817,22935965
chr5_65219926_buor,chr5,65220002,65219926,65220077
chr7_21786406_buor,chr7,21786480,21786406,21786553
chr10_61126157_buor,chr10,61126231,61126157,61126304
chr18_25863911_buor,chr18,25864055,25863911,25864198
chr9_86171719_buor,chr9,86171862,86171719,86172004
chr5_70275716_buor,chr5,70275790,70275716,70275864
chr8_114888187_buor,chr8,114888263,114888187,114888339
chrUn0046_1490753_buor,chrUn0046,1490827,1490753,1490900
chr27_38221037_buor,chr27,38221111,38221037,38221184
chr4_15296108_buor,chr4,15296245,15296108,15296382
chr21_8289758_buor,chr21,8289832,8289758,8289905
chrX_16305520_buor,chrX,16305594,16305520,16305668
chr17_41151360_buor,chr17,41151516,41151360,41151671
chr20_22428070_buor,chr20,22428145,22428070,22428220
chrUn0097_52050_buor,chrUn0097,52125,52050,52199
chr19_26585489_buor,chr19,26585563,26585489,26585637
chrUn0044_2623126_buor,chrUn0044,2623200,2623126,2623273
chr2_94701617_buor,chr2,94701691,94701617,94701764
chrX_113087391_buor,chrX,113087465,113087391,113087538
chrUn0014_7509285_buor,chrUn0014,7509359,7509285,7509432
chr8_92870764_buor,chr8,92870838,92870764,92870911
chr18_8031408_buor,chr18,8031482,8031408,8031555
chr2_158788678_buor,chr2,158788752,158788678,158788825
chr20_18122525_buor,chr20,18122599,18122525,18122672
chr4_96942328_buor,chr4,96942402,96942328,96942475
chrUn0005_10745113_buor,chrUn0005,10745268,10745113,10745423
chr10_73975751_buor,chr10,73975825,73975751,73975899
chr23_12217886_buor,chr23,12217962,12217886,12218038
chr19_33777595_buor,chr19,33777670,33777595,33777744
chr10_45920218_buor,chr10,45920375,45920218,45920532
chrUn0003_10537863_buor,chrUn0003,10537938,10537863,10538013
chr20_9210040_buor,chr20,9210114,9210040,9210187
chrUn0931_9947_buor,chrUn0931,9997,9947,10046
chr5_4925809_buor,chr5,4925883,4925809,4925956
chr10_35450973_buor,chr10,35451047,35450973,35451120
chr2_172378795_buor,chr2,172378870,172378795,172378945
chr22_4300791_buor,chr22,4300941,4300791,4301091
chr2_218414406_buor,chr2,218414562,218414406,218414718
chrUn0049_1358772_buor,chrUn0049,1358846,1358772,1358919
chr25_19685889_buor,chr25,19685963,19685889,19686036
chr18_30134038_buor,chr18,30134112,30134038,30134185
chr2_173498060_buor,chr2,173498135,173498060,173498209
chr27_18892811_buor,chr27,18892887,18892811,18892962
chr6_20108688_buor,chr6,20108762,20108688,20108835
chrUn0043_2725127_buor,chrUn0043,2725201,2725127,2725274
chr12_42994464_buor,chr12,42994538,42994464,42994612
chr2_41702782_buor,chr2,41702856,41702782,41702929
chrUn0095_364061_buor,chrUn0095,364135,364061,364208
chr9_22282303_buor,chr9,22282378,22282303,22282452
chr24_20746790_buor,chr24,20746864,20746790,20746938
chrUn0043_1978806_buor,chrUn0043,1978964,1978806,1979122
chr19_21872406_buor,chr19,21872557,21872406,21872708
chrUn0008_8946243_buor,chrUn0008,8946317,8946243,8946390
chr20_14581234_buor,chr20,14581311,14581234,14581388
chr15_80453029_buor,chr15,80453103,80453029,80453177
chr17_31857648_buor,chr17,31857800,31857648,31857952
chrUn0052_936148_buor,chrUn0052,936220,936148,936291
chr19_26032218_buor,chr19,26032292,26032218,26032365
chrUn0222_89912_buor,chrUn0222,90014,89912,90116
chr4_71188568_buor,chr4,71188642,71188568,71188715
chr19_23545354_buor,chr19,23545428,23545354,23545501
chrUn0010_1840738_buor,chrUn0010,1840812,1840738,1840885
chr5_15002573_buor,chr5,15002647,15002573,15002720
chr24_23422306_buor,chr24,23422380,23422306,23422454
chrX_19717250_buor,chrX,19717324,19717250,19717397
chr1_31449467_buor,chr1,31449542,31449467,31449616
chrUn0005_6037491_buor,chrUn0005,6037565,6037491,6037638
chr25_14492534_buor,chr25,14492608,14492534,14492682
chr6_28784502_buor,chr6,28784576,28784502,28784649
chrX_17549586_buor,chrX,17549660,17549586,17549733
chr27_47809483_buor,chr27,47809557,47809483,47809631
chr3_109518292_buor,chr3,109518437,109518292,109518582
chr15_39577177_buor,chr15,39577251,39577177,39577324
chrUn0036_1032199_buor,chrUn0036,1032273,1032199,1032346
chrUn0048_2317536_buor,chrUn0048,2317610,2317536,2317683
chr7_37986747_buor,chr7,37986821,37986747,37986894
chr6_50890200_buor,chr6,50890274,50890200,50890347
chr14_3500492_buor,chr14,3500653,3500492,3500813
chr18_23492474_buor,chr18,23492548,23492474,23492621
chr5_115000341_buor,chr5,115000415,115000341,115000488
chr5_113755865_buor,chr5,113755939,113755865,113756012
chr5_3524348_buor,chr5,3524506,3524348,3524664
chrUn0072_307769_buor,chrUn0072,307915,307769,308060
chr23_3561036_buor,chr23,3561182,3561036,3561328
chrUn0008_2484726_buor,chrUn0008,2484884,2484726,2485042
chr5_15000441_buor,chr5,15000515,15000441,15000588
chr14_50671934_buor,chr14,50672073,50671934,50672211
chrUn0065_1322011_buor,chrUn0065,1322085,1322011,1322158
chr19_21807816_buor,chr19,21807890,21807816,21807963
chrUn0007_4584012_buor,chrUn0007,4584086,4584012,4584160
chr13_42259107_buor,chr13,42259181,42259107,42259254
chr18_25923508_buor,chr18,25923582,25923508,25923656
chr6_117440791_buor,chr6,117440865,117440791,117440939
chr7_80930786_buor,chr7,80930921,80930786,80931056
chr11_19059808_buor,chr11,19059882,19059808,19059955
chr11_53870582_buor,chr11,53870656,53870582,53870729
chr12_68142599_buor,chr12,68142743,68142599,68142886
chr17_9203728_buor,chr17,9203802,9203728,9203875
chr2_173728471_buor,chr2,173728546,173728471,173728620
chrUn0074_1389402_buor,chrUn0074,1389549,1389402,1389696
chr25_14497758_buor,chr25,14497914,14497758,14498070
chr12_51428814_buor,chr12,51428888,51428814,51428961
chr17_32783640_buor,chr17,32783786,32783640,32783932
chrUn0007_4139838_buor,chrUn0007,4139998,4139838,4140158
chr10_76073383_buor,chr10,76073457,76073383,76073530
chr17_65805930_buor,chr17,65806077,65805930,65806224
chrUn0048_2384455_buor,chrUn0048,2384529,2384455,2384602
chrUn0030_3418810_buor,chrUn0030,3418957,3418810,3419104
chr4_163608294_buor,chr4,163608368,163608294,163608441
chr1_19312259_buor,chr1,19312334,19312259,19312409
chr17_6282284_buor,chr17,6282358,6282284,6282431
chr2_10033157_buor,chr2,10033233,10033157,10033308
chrUn0027_2265960_buor,chrUn0027,2266034,2265960,2266107
chr19_20208874_buor,chr19,20208948,20208874,20209022
chrUn0043_1666775_buor,chrUn0043,1666849,1666775,1666922
chrUn0026_1860793_buor,chrUn0026,1860867,1860793,1860940
chr11_3908919_buor,chr11,3908994,3908919,3909069
chr24_26588658_buor,chr24,26588732,26588658,26588805
chr19_63921660_buor,chr19,63921734,63921660,63921808
chr9_62941822_buor,chr9,62941896,62941822,62941969
chrUn0037_1198124_buor,chrUn0037,1198198,1198124,1198271
chr11_9794225_buor,chr11,9794299,9794225,9794372
chr18_69047529_buor,chr18,69047603,69047529,69047676
chr23_27643973_buor,chr23,27644051,27643973,27644129
chr19_9534165_buor,chr19,9534239,9534165,9534312
chrUn2224_4511_buor,chrUn2224,4673,4511,4834
chr3_60345769_buor,chr3,60345843,60345769,60345916
chr8_128332606_buor,chr8,128332680,128332606,128332754
chrUn0223_22579_buor,chrUn0223,22653,22579,22726
chr3_60345769_buor,chr3,60345843,60345769,60345916
chr23_5475992_buor,chr23,5476066,5475992,5476139
chrUn0029_2433076_buor,chrUn0029,2433150,2433076,2433223
chrUn0042_2888468_buor,chrUn0042,2888625,2888468,2888782
chr12_69731373_buor,chr12,69731447,69731373,69731520
chr4_80174079_buor,chr4,80174153,80174079,80174227
chr8_87979671_buor,chr8,87979811,87979671,87979951
chr20_76340953_buor,chr20,76341027,76340953,76341100
chr10_42833382_buor,chr10,42833455,42833382,42833527
chr3_70344840_buor,chr3,70344914,70344840,70344987
chr12_51223738_buor,chr12,51223812,51223738,51223885
chr2_219794614_buor,chr2,219794690,219794614,219794765
chr4_97217731_buor,chr4,97217805,97217731,97217878
chr20_8847762_buor,chr20,8847919,8847762,8848076
chrUn0001_5892680_buor,chrUn0001,5892754,5892680,5892827
chr18_18896757_buor,chr18,18896831,18896757,18896904
chr3_82004141_buor,chr3,82004215,82004141,82004288
chr10_6095745_buor,chr10,6095819,6095745,6095892
chrUn0044_2623126_buor,chrUn0044,2623200,2623126,2623273
chr5_132209198_buor,chr5,132209272,132209198,132209345
chr11_32225822_buor,chr11,32225897,32225822,32225972
chr2_189945317_buor,chr2,189945391,189945317,189945464
chrUn0032_903897_buor,chrUn0032,903972,903897,904047
chr23_26381241_buor,chr23,26381397,26381241,26381553
chr9_86893464_buor,chr9,86893538,86893464,86893612
chr18_19728850_buor,chr18,19728924,19728850,19728998
chrUn0049_1523789_buor,chrUn0049,1523863,1523789,1523936
chr20_35634847_buor,chr20,35634921,35634847,35634995
chrUn0002_3251627_buor,chrUn0002,3251697,3251627,3251767
chr25_11956741_buor,chr25,11956815,11956741,11956889
chr6_21304191_buor,chr6,21304265,21304191,21304338
chr26_18860654_buor,chr26,18860790,18860654,18860925
chr14_34632738_buor,chr14,34632812,34632738,34632885
chr5_9297942_buor,chr5,9298099,9297942,9298255
chr2_194864049_buor,chr2,194864208,194864049,194864367
chr2_165676500_buor,chr2,165676574,165676500,165676647
chr4_39991817_buor,chr4,39991962,39991817,39992106
chr1_213561081_buor,chr1,213561155,213561081,213561228
chr8_12559848_buor,chr8,12559922,12559848,12559995
chr5_113039729_buor,chr5,113039805,113039729,113039880
chrUn1544_4355_buor,chrUn1544,4430,4355,4504
chr20_54540775_buor,chr20,54540849,54540775,54540923
chr4_146726568_buor,chr4,146726641,146726568,146726714
chr6_124776098_buor,chr6,124776172,124776098,124776245
chr23_10005421_buor,chr23,10005494,10005421,10005567
chr26_61338939_buor,chr26,61339013,61338939,61339086
chr20_50185395_buor,chr20,50185469,50185395,50185542
chr4_162146486_buor,chr4,162146560,162146486,162146633
chr11_58857491_buor,chr11,58857565,58857491,58857639
chrUn0190_130567_buor,chrUn0190,130642,130567,130716
chrUn0097_260352_buor,chrUn0097,260428,260352,260503
chr2_171039222_buor,chr2,171039296,171039222,171039369
chrUn0059_1837630_buor,chrUn0059,1837704,1837630,1837777
chr27_32909501_buor,chr27,32909575,32909501,32909648
chr1_53137664_buor,chr1,53137738,53137664,53137812
chr23_17458212_buor,chr23,17458286,17458212,17458359
chr12_66047228_buor,chr12,66047302,66047228,66047375
chr2_214701739_buor,chr2,214701813,214701739,214701887
chr4_52291823_buor,chr4,52291886,52291823,52291949
chr2_213786487_buor,chr2,213786561,213786487,213786634
chrUn0008_10458407_buor,chrUn0008,10458558,10458407,10458708
chrUn0009_9250020_buor,chrUn0009,9250178,9250020,9250335
chr10_4804772_buor,chr10,4804922,4804772,4805072
chrUn0004_3687380_buor,chrUn0004,3687454,3687380,3687528
chr2_195888884_buor,chr2,195888958,195888884,195889032
chr5_14138103_buor,chr5,14138177,14138103,14138250
chr27_9673063_buor,chr27,9673137,9673063,9673210
chrUn0008_10220850_buor,chrUn0008,10220994,10220850,10221138
chr1_47249320_buor,chr1,47249394,47249320,47249467
chr2_9289745_buor,chr2,9289819,9289745,9289892
chr1_107596872_buor,chr1,107596946,107596872,107597019
chrUn0083_1043717_buor,chrUn0083,1043791,1043717,1043864
chr18_70155457_buor,chr18,70155531,70155457,70155604
chr1_65715252_buor,chr1,65715327,65715252,65715401
chr25_10010010_buor,chr25,10010154,10010010,10010297
chrUn0006_2074039_buor,chrUn0006,2074113,2074039,2074187
chr1_188205979_buor,chr1,188206053,188205979,188206126
chr18_68540725_buor,chr18,68540800,68540725,68540874
chr14_19163539_buor,chr14,19163613,19163539,19163686
chr2_141981897_buor,chr2,141981971,141981897,141982044
chr9_58407504_buor,chr9,58407578,58407504,58407651
chr25_26260731_buor,chr25,26260804,26260731,26260877
chr12_66092258_buor,chr12,66092333,66092258,66092408
chr3_70580514_buor,chr3,70580588,70580514,70580661
chr24_20746790_buor,chr24,20746864,20746790,20746938
chr12_51744786_buor,chr12,51744922,51744786,51745057
chr18_63468756_buor,chr18,63468830,63468756,63468903
chr3_59135455_buor,chr3,59135611,59135455,59135767
chrUn0047_1213207_buor,chrUn0047,1213282,1213207,1213356
chr13_43854329_buor,chr13,43854403,43854329,43854476
chr2_190223283_buor,chr2,190223356,190223283,190223428
chr20_50356791_buor,chr20,50356865,50356791,50356938
chr14_59091937_buor,chr14,59092011,59091937,59092084
chr5_116775720_buor,chr5,116775794,116775720,116775867
chrUn0003_11602848_buor,chrUn0003,11602922,11602848,11602995
chr13_39880459_buor,chr13,39880533,39880459,39880607
chrUn0008_303221_buor,chrUn0008,303295,303221,303368
chrUn0049_1775909_buor,chrUn0049,1775979,1775909,1776048
chr17_46465624_buor,chr17,46465698,46465624,46465771
chr13_12860790_buor,chr13,12860864,12860790,12860937
chr4_103374199_buor,chr4,103374273,103374199,103374346
chr3_56910147_buor,chr3,56910221,56910147,56910294
chr15_61106432_buor,chr15,61106506,61106432,61106579
chr11_18570835_buor,chr11,18570909,18570835,18570982
chr8_19836125_buor,chr8,19836199,19836125,19836272
chrUn0034_2837624_buor,chrUn0034,2837698,2837624,2837771
chr2_176479416_buor,chr2,176479489,176479416,176479561
chr10_43564241_buor,chr10,43564315,43564241,43564389
chrUn0031_3297385_buor,chrUn0031,3297459,3297385,3297532
chrUn0003_11802309_buor,chrUn0003,11802383,11802309,11802456
chr4_9259832_buor,chr4,9259904,9259832,9259975
chrUn0006_1470617_buor,chrUn0006,1470691,1470617,1470764
chrUn0079_258844_buor,chrUn0079,258918,258844,258991
chr11_22900416_buor,chr11,22900491,22900416,22900566
chr3_140293631_buor,chr3,140293772,140293631,140293912
chr3_48260115_buor,chr3,48260189,48260115,48260262
chr7_20068988_buor,chr7,20069062,20068988,20069135
chr3_203669320_buor,chr3,203669394,203669320,203669467
chr3_59579729_buor,chr3,59579804,59579729,59579879
chr11_56370050_buor,chr11,56370124,56370050,56370197
chr14_28668087_buor,chr14,28668161,28668087,28668234
chr17_5548797_buor,chr17,5548947,5548797,5549097
chr20_14581234_buor,chr20,14581308,14581234,14581382
chr14_44679950_buor,chr14,44680024,44679950,44680097
chr20_51454022_buor,chr20,51454173,51454022,51454323
chr11_4294577_buor,chr11,4294651,4294577,4294724
chr11_10183698_buor,chr11,10183772,10183698,10183845
chr12_51691221_buor,chr12,51691297,51691221,51691373
chr22_38074529_buor,chr22,38074668,38074529,38074806
chr11_12193516_buor,chr11,12193590,12193516,12193663
chr11_3809539_buor,chr11,3809696,3809539,3809852
chr12_13542616_buor,chr12,13542690,13542616,13542763
chr10_93188481_buor,chr10,93188622,93188481,93188762
chrUn0003_12734842_buor,chrUn0003,12734918,12734842,12734993
chr12_73174653_buor,chr12,73174727,73174653,73174800
chr11_54921131_buor,chr11,54921205,54921131,54921278
chr19_65613074_buor,chr19,65613148,65613074,65613221
chr11_31998328_buor,chr11,31998403,31998328,31998477
chr2_218399942_buor,chr2,218400017,218399942,218400091
chr9_79286367_buor,chr9,79286441,79286367,79286514
chr4_105189170_buor,chr4,105189331,105189170,105189492
chr18_60396751_buor,chr18,60396826,60396751,60396901
chr8_39490456_buor,chr8,39490530,39490456,39490603
chr20_37144307_buor,chr20,37144381,37144307,37144454
chr17_36455732_buor,chr17,36455806,36455732,36455880
chr18_70065440_buor,chr18,70065514,70065440,70065587
chr19_18687530_buor,chr19,18687604,18687530,18687677
chrUn0037_1559194_buor,chrUn0037,1559330,1559194,1559466
chr2_195845201_buor,chr2,195845347,195845201,195845492
chrUn0003_5608588_buor,chrUn0003,5608662,5608588,5608736
chr1_183849371_buor,chr1,183849446,183849371,183849521
chrUn0045_2465128_buor,chrUn0045,2465202,2465128,2465275
chr9_85148538_buor,chr9,85148612,85148538,85148685
chr18_67875813_buor,chr18,67875887,67875813,67875960
chr17_53045139_buor,chr17,53045212,53045139,53045284
chr15_86971509_buor,chr15,86971668,86971509,86971826
chr25_11500320_buor,chr25,11500394,11500320,11500467
chr17_25050576_buor,chr17,25050650,25050576,25050723
chr20_50745872_buor,chr20,50745946,50745872,50746019
chr10_53332210_buor,chr10,53332348,53332210,53332485
chrX_36265720_buor,chrX,36265878,36265720,36266035
chr7_48156472_buor,chr7,48156606,48156472,48156740
chr10_42966255_buor,chr10,42966329,42966255,42966402
chr19_25524424_buor,chr19,25524498,25524424,25524571
chr15_9268280_buor,chr15,9268354,9268280,9268427
chr3_13131073_buor,chr3,13131232,13131073,13131390
chr11_38116082_buor,chr11,38116155,38116082,38116228
chr13_16044205_buor,chr13,16044283,16044205,16044361
chr20_34742263_buor,chr20,34742337,34742263,34742410
chr13_71215869_buor,chr13,71215943,71215869,71216017
chr5_74776607_buor,chr5,74776761,74776607,74776914
chr11_29540623_buor,chr11,29540697,29540623,29540770
chrUn0035_155412_buor,chrUn0035,155486,155412,155559
chr13_10373494_buor,chr13,10373568,10373494,10373641
chr8_50401113_buor,chr8,50401187,50401113,50401260
chr2_184173665_buor,chr2,184173739,184173665,184173812
chr6_148947419_buor,chr6,148947493,148947419,148947566
chr7_34590440_buor,chr7,34590514,34590440,34590587
chr2_23866969_buor,chr2,23867043,23866969,23867116
chr11_7913948_buor,chr11,7914085,7913948,7914221
chr1_213871604_buor,chr1,213871678,213871604,213871751
chr10_72625243_buor,chr10,72625317,72625243,72625390
chrX_54091262_buor,chrX,54091336,54091262,54091410
chr6_157747189_buor,chr6,157747263,157747189,157747336
chr7_33462363_buor,chr7,33462438,33462363,33462512
chr2_222596282_buor,chr2,222596356,222596282,222596429
chr20_34599459_buor,chr20,34599533,34599459,34599607
chr13_84282776_buor,chr13,84282850,84282776,84282924
chr7_80406097_buor,chr7,80406170,80406097,80406243
chr2_110860379_buor,chr2,110860453,110860379,110860527
chr12_68804485_buor,chr12,68804559,68804485,68804633
chr23_43100800_buor,chr23,43100875,43100800,43100949
chr13_52013375_buor,chr13,52013449,52013375,52013522
chrUn0009_2718841_buor,chrUn0009,2718915,2718841,2718988
chr6_133490740_buor,chr6,133490814,133490740,133490888
chr2_161333963_buor,chr2,161334037,161333963,161334110
chr20_46665359_buor,chr20,46665433,46665359,46665506
chr3_188487163_buor,chr3,188487237,188487163,188487310
chr4_54674130_buor,chr4,54674204,54674130,54674277
chr11_6560417_buor,chr11,6560491,6560417,6560565
chr5_42906869_buor,chr5,42907025,42906869,42907180
chrUn0008_4921061_buor,chrUn0008,4921135,4921061,4921209
chr1_199995808_buor,chr1,199995882,199995808,199995955
chr8_93338908_buor,chr8,93338983,93338908,93339058
chr22_27655463_buor,chr22,27655537,27655463,27655610
chr4_105184847_buor,chr4,105184921,105184847,105184995
chr9_81059773_buor,chr9,81059847,81059773,81059920
chr19_33876868_buor,chr19,33876942,33876868,33877015
chrX_41222313_buor,chrX,41222387,41222313,41222461
chrUn0002_6187636_buor,chrUn0002,6187710,6187636,6187784
chr15_27082879_buor,chr15,27082953,27082879,27083026
chr10_68621440_buor,chr10,68621514,68621440,68621587
chr4_121397801_buor,chr4,121397875,121397801,121397948
chr10_89642919_buor,chr10,89642995,89642919,89643071
chr3_62492450_buor,chr3,62492524,62492450,62492598
chr1_3345882_buor,chr1,3345956,3345882,3346029
chr19_21872406_buor,chr19,21872480,21872406,21872553
chrUn0931_4762_buor,chrUn0931,4836,4762,4910
chr12_52211210_buor,chr12,52211284,52211210,52211358
chrUn0037_1760722_buor,chrUn0037,1760796,1760722,1760869
chr17_55443316_buor,chr17,55443390,55443316,55443464
chr3_109794810_buor,chr3,109794881,109794810,109794952
chr9_21324008_buor,chr9,21324082,21324008,21324155
chr8_127541775_buor,chr8,127541847,127541775,127541918
chr2_152770624_buor,chr2,152770698,152770624,152770771
chrUn1544_1784_buor,chrUn1544,1858,1784,1932
chr8_71700632_buor,chr8,71700706,71700632,71700779
chr2_71041869_buor,chr2,71041943,71041869,71042016
chrUn0009_6198463_buor,chrUn0009,6198537,6198463,6198610
chr20_22263430_buor,chr20,22263504,22263430,22263577
chrUn0025_4368902_buor,chrUn0025,4368976,4368902,4369050
chr22_50108812_buor,chr22,50108967,50108812,50109121
chrUn0009_7864152_buor,chrUn0009,7864308,7864152,7864464
chr2_189149280_buor,chr2,189149354,189149280,189149428
chr10_50633034_buor,chr10,50633108,50633034,50633182
chr13_27040492_buor,chr13,27040566,27040492,27040639
chr11_24287483_buor,chr11,24287557,24287483,24287630
chr2_207436041_buor,chr2,207436115,207436041,207436188
chr25_13886946_buor,chr25,13887020,13886946,13887093
chr13_82228779_buor,chr13,82228852,82228779,82228925
chrUn0024_5499685_buor,chrUn0024,5499759,5499685,5499833
chr3_156383604_buor,chr3,156383746,156383604,156383887
chrUn0022_820186_buor,chrUn0022,820260,820186,820333
chr19_21371779_buor,chr19,21371853,21371779,21371926
chr9_58407047_buor,chr9,58407123,58407047,58407198
chr20_5482632_buor,chr20,5482706,5482632,5482779
chr21_56277702_buor,chr21,56277776,56277702,56277849
chrX_107023644_buor,chrX,107023718,107023644,107023792
chr25_6999208_buor,chr25,6999283,6999208,6999358
chrUn0089_678331_buor,chrUn0089,678405,678331,678478
chr12_55044045_buor,chr12,55044119,55044045,55044192
chr23_12951642_buor,chr23,12951717,12951642,12951791
chrUn0008_8368516_buor,chrUn0008,8368591,8368516,8368665
chr14_29741441_buor,chr14,29741594,29741441,29741746
chr20_19584233_buor,chr20,19584372,19584233,19584511
chr15_86964908_buor,chr15,86964982,86964908,86965055
chrUn0047_1049384_buor,chrUn0047,1049458,1049384,1049532
chr19_33810435_buor,chr19,33810511,33810435,33810587
chr19_25985026_buor,chr19,25985176,25985026,25985326
chrUn0017_2031020_buor,chrUn0017,2031094,2031020,2031167
chrUn0092_66329_buor,chrUn0092,66403,66329,66476
chr13_92051769_buor,chr13,92051916,92051769,92052063
chr1_214063101_buor,chr1,214063175,214063101,214063249
chrUn0015_6040724_buor,chrUn0015,6040873,6040724,6041022
chr2_25710869_buor,chr2,25710943,25710869,25711016
chr10_55526934_buor,chr10,55527008,55526934,55527082
chrUn0040_6513_buor,chrUn0040,6674,6513,6834
chr5_103357941_buor,chr5,103358015,103357941,103358088
chrX_97705046_buor,chrX,97705190,97705046,97705334
chr25_14452985_buor,chr25,14453059,14452985,14453132
chr3_85624994_buor,chr3,85625068,85624994,85625141
chr18_20323493_buor,chr18,20323568,20323493,20323642
chr17_10929120_buor,chr17,10929194,10929120,10929267
chr4_141809811_buor,chr4,141809885,141809811,141809959
chr11_4805574_buor,chr11,4805648,4805574,4805721
chr2_139722281_buor,chr2,139722357,139722281,139722432
chr25_14589295_buor,chr25,14589369,14589295,14589442
chrUn0032_951864_buor,chrUn0032,951938,951864,952011
chr14_8377171_buor,chr14,8377245,8377171,8377318
chrUn0072_1512820_buor,chrUn0072,1512894,1512820,1512967
chrUn0009_2965091_buor,chrUn0009,2965237,2965091,2965383
chr19_44646373_buor,chr19,44646447,44646373,44646520
chr16_11236088_buor,chr16,11236242,11236088,11236396
chr20_40113140_buor,chr20,40113218,40113140,40113295
chr4_95832671_buor,chr4,95832745,95832671,95832818
chrUn0034_1655865_buor,chrUn0034,1656004,1655865,1656143
chr1_56005497_buor,chr1,56005570,56005497,56005643
chr11_43025202_buor,chr11,43025276,43025202,43025349
chrUn0222_91055_buor,chrUn0222,91129,91055,91202
chrUn0037_2963049_buor,chrUn0037,2963185,2963049,2963321
chr11_32592290_buor,chr11,32592364,32592290,32592438
chr8_10679420_buor,chr8,10679493,10679420,10679566
chrUn0028_735021_buor,chrUn0028,735096,735021,735170
chr1_82624599_buor,chr1,82624673,82624599,82624746
chrUn0055_1116884_buor,chrUn0055,1116955,1116884,1117026
chrUn0054_1638983_buor,chrUn0054,1639057,1638983,1639130
chrUn0048_832212_buor,chrUn0048,832365,832212,832518
chr20_10657784_buor,chr20,10657941,10657784,10658098
chrUn0037_1558849_buor,chrUn0037,1559014,1558849,1559179
chr5_118654326_buor,chr5,118654400,118654326,118654473
chr4_99549432_buor,chr4,99549506,99549432,99549579
chrUn0860_11178_buor,chrUn0860,11231,11178,11283
chr12_71207028_buor,chr12,71207102,71207028,71207176
chr2_206629743_buor,chr2,206629901,206629743,206630059
chr9_43627929_buor,chr9,43628003,43627929,43628076
chrUn0040_3412181_buor,chrUn0040,3412255,3412181,3412328
chrUn0073_740096_buor,chrUn0073,740170,740096,740244
chrUn0057_1355597_buor,chrUn0057,1355671,1355597,1355744
chrUn0035_513838_buor,chrUn0035,513912,513838,513985
chrUn0002_11089589_buor,chrUn0002,11089663,11089589,11089736
chrUn0007_4587234_buor,chrUn0007,4587311,4587234,4587388
chr3_130208291_buor,chr3,130208365,130208291,130208438
chr11_7630112_buor,chr11,7630186,7630112,7630259
chr19_20399966_buor,chr19,20400040,20399966,20400113
chr10_55573456_buor,chr10,55573531,55573456,55573606
chr2_12646052_buor,chr2,12646126,12646052,12646200
chrUn0023_882095_buor,chrUn0023,882257,882095,882419
chr6_152292662_buor,chr6,152292736,152292662,152292809
chrUn0040_695331_buor,chrUn0040,695405,695331,695478
chr2_211485688_buor,chr2,211485764,211485688,211485840
chr9_59712877_buor,chr9,59712953,59712877,59713028
chr1_102281597_buor,chr1,102281671,102281597,102281745
chrUn0362_56609_buor,chrUn0362,56766,56609,56922
chrUn0247_110585_buor,chrUn0247,110659,110585,110732
chrX_36117800_buor,chrX,36117874,36117800,36117948
chrUn0040_2024498_buor,chrUn0040,2024572,2024498,2024645
chr7_81374903_buor,chr7,81374978,81374903,81375052
chr1_102101259_buor,chr1,102101333,102101259,102101406
chrUn0014_1879141_buor,chrUn0014,1879215,1879141,1879288
chr12_55155817_buor,chr12,55155891,55155817,55155964
chrX_18115193_buor,chrX,18115267,18115193,18115340
chr19_65138134_buor,chr19,65138208,65138134,65138281
chrUn0008_512575_buor,chrUn0008,512713,512575,512850
chr12_50185826_buor,chr12,50185977,50185826,50186128
chr15_9044990_buor,chr15,9045064,9044990,9045138
chr11_8906332_buor,chr11,8906406,8906332,8906479
chr18_19642736_buor,chr18,19642810,19642736,19642883
chr23_20736477_buor,chr23,20736622,20736477,20736766
chr26_26434789_buor,chr26,26434863,26434789,26434936
chr4_80656520_buor,chr4,80656594,80656520,80656667
chr14_26726254_buor,chr14,26726328,26726254,26726401
chrUn0003_1427717_buor,chrUn0003,1427790,1427717,1427863
chr1_49596921_buor,chr1,49596996,49596921,49597070
chr14_43757866_buor,chr14,43757940,43757866,43758013
chrUn0560_4918_buor,chrUn0560,4992,4918,5065
chr4_110983931_buor,chr4,110984005,110983931,110984078
chr18_71562491_buor,chr18,71562565,71562491,71562638
chr11_46061425_buor,chr11,46061499,46061425,46061572
chr1_76996310_buor,chr1,76996458,76996310,76996605
chr15_42158742_buor,chr15,42158810,42158742,42158878
chr3_18092077_buor,chr3,18092151,18092077,18092224
chr6_68412567_buor,chr6,68412641,68412567,68412714
chr12_41057182_buor,chr12,41057256,41057182,41057330
chr13_99159925_buor,chr13,99159999,99159925,99160072
chr14_69782138_buor,chr14,69782212,69782138,69782285
chr10_89252005_buor,chr10,89252156,89252005,89252306
chr8_10234127_buor,chr8,10234203,10234127,10234278
chr1_209714930_buor,chr1,209715004,209714930,209715077
chr25_14764013_buor,chr25,14764170,14764013,14764327
chr15_4912112_buor,chr15,4912186,4912112,4912259
chr6_117651820_buor,chr6,117651894,117651820,117651968
chrUn0033_3795392_buor,chrUn0033,3795466,3795392,3795539
chr11_4877831_buor,chr11,4877905,4877831,4877978
chr1_182494567_buor,chr1,182494715,182494567,182494862
chr11_33275442_buor,chr11,33275516,33275442,33275589
chr26_10719899_buor,chr26,10719974,10719899,10720048
chr20_18080925_buor,chr20,18080999,18080925,18081073
chr12_13371569_buor,chr12,13371643,13371569,13371716
chrUn0013_5619787_buor,chrUn0013,5619861,5619787,5619934
chr17_39540563_buor,chr17,39540637,39540563,39540710
chr10_55516399_buor,chr10,55516473,55516399,55516546
chr1_145995853_buor,chr1,145995929,145995853,145996004
chr12_53730711_buor,chr12,53730853,53730711,53730994
chr13_40771257_buor,chr13,40771416,40771257,40771575
chr10_70964642_buor,chr10,70964796,70964642,70964949
chrUn0037_1691500_buor,chrUn0037,1691575,1691500,1691650
chrUn0018_2203718_buor,chrUn0018,2203792,2203718,2203865
chrUn0009_8572725_buor,chrUn0009,8572799,8572725,8572872
chr5_99879712_buor,chr5,99879786,99879712,99879859
chrUn0049_668636_buor,chrUn0049,668710,668636,668784
chr5_75679428_buor,chr5,75679502,75679428,75679575
chrUn0011_1079935_buor,chrUn0011,1080009,1079935,1080082
chr16_12175903_buor,chr16,12175975,12175903,12176047
chr3_181042913_buor,chr3,181042987,181042913,181043061
chrUn0049_2061548_buor,chrUn0049,2061620,2061548,2061691
chrUn0037_1621290_buor,chrUn0037,1621367,1621290,1621443
chrUn0036_751296_buor,chrUn0036,751370,751296,751443
chr3_18196015_buor,chr3,18196089,18196015,18196163
chr11_15852954_buor,chr11,15853088,15852954,15853221
chrUn0121_536897_buor,chrUn0121,536971,536897,537044
chr1_195380186_buor,chr1,195380322,195380186,195380457
chr12_49894462_buor,chr12,49894536,49894462,49894609
chr20_35874797_buor,chr20,35874871,35874797,35874944
chrUn0007_4437570_buor,chrUn0007,4437644,4437570,4437717
chrX_73572827_buor,chrX,73572901,73572827,73572974
chrUn0027_644358_buor,chrUn0027,644432,644358,644506
chrUn0032_1083885_buor,chrUn0032,1083959,1083885,1084032
chrX_66645194_buor,chrX,66645268,66645194,66645342
chr6_29167963_buor,chr6,29168039,29167963,29168114
chrX_55506007_buor,chrX,55506082,55506007,55506156
chr11_4295337_buor,chr11,4295411,4295337,4295484
chr4_152155498_buor,chr4,152155657,152155498,152155815
chr6_148376221_buor,chr6,148376295,148376221,148376368
chr13_8064826_buor,chr13,8064900,8064826,8064973
chr2_212661683_buor,chr2,212661757,212661683,212661830
chr23_26560526_buor,chr23,26560601,26560526,26560675
chr3_23411585_buor,chr3,23411659,23411585,23411733
chrUn0007_3423249_buor,chrUn0007,3423388,3423249,3423526
chrUn0670_7780_buor,chrUn0670,7828,7780,7876
chr1_13284674_buor,chr1,13284748,13284674,13284821
chr8_119147148_buor,chr8,119147221,119147148,119147293
chr11_4758450_buor,chr11,4758524,4758450,4758597
chr2_213137771_buor,chr2,213137843,213137771,213137915
chrUn0046_1900549_buor,chrUn0046,1900702,1900549,1900854
chr12_68127390_buor,chr12,68127465,68127390,68127539
chr8_28921364_buor,chr8,28921439,28921364,28921514
chrUn0042_1937660_buor,chrUn0042,1937734,1937660,1937808
chrX_107052339_buor,chrX,107052413,107052339,107052487
chr1_92709006_buor,chr1,92709081,92709006,92709155
chr3_125177160_buor,chr3,125177234,125177160,125177308
chr24_3675524_buor,chr24,3675598,3675524,3675671
chrUn0108_158916_buor,chrUn0108,158990,158916,159063
chr20_20643408_buor,chr20,20643483,20643408,20643557
chr11_3105219_buor,chr11,3105353,3105219,3105486
chrUn0053_1369504_buor,chrUn0053,1369653,1369504,1369801
chrUn0013_1751569_buor,chrUn0013,1751643,1751569,1751716
chr14_64137997_buor,chr14,64138148,64137997,64138298
chrUn0042_3199415_buor,chrUn0042,3199489,3199415,3199562
chrUn0001_2861005_buor,chrUn0001,2861079,2861005,2861152
chrUn0049_1481620_buor,chrUn0049,1481766,1481620,1481912
chr7_45239034_buor,chr7,45239108,45239034,45239181
chr9_66196277_buor,chr9,66196351,66196277,66196424
chr2_97689016_buor,chr2,97689090,97689016,97689163
chr5_116550760_buor,chr5,116550834,116550760,116550907
chr16_29099963_buor,chr16,29100038,29099963,29100113
chr11_56271549_buor,chr11,56271623,56271549,56271696
chr20_54874429_buor,chr20,54874503,54874429,54874576
chr27_48079449_buor,chr27,48079523,48079449,48079596
chr20_6887571_buor,chr20,6887731,6887571,6887891
chr8_23677971_buor,chr8,23678045,23677971,23678118
chrUn0034_1825916_buor,chrUn0034,1825990,1825916,1826063
chrUn0015_3222010_buor,chrUn0015,3222084,3222010,3222157
chr4_129416357_buor,chr4,129416431,129416357,129416504
chr11_63290859_buor,chr11,63290934,63290859,63291008
chr2_12426158_buor,chr2,12426232,12426158,12426305
chr13_82755658_buor,chr13,82755712,82755658,82755765
chrUn0005_10064506_buor,chrUn0005,10064580,10064506,10064653
chrUn0022_5178714_buor,chrUn0022,5178861,5178714,5179008
chrUn0049_1855976_buor,chrUn0049,1856050,1855976,1856124
chr2_76508884_buor,chr2,76508958,76508884,76509031
chrUn0096_22060_buor,chrUn0096,22132,22060,22204
chr5_70669596_buor,chr5,70669734,70669596,70669872
chr6_122358882_buor,chr6,122358956,122358882,122359029
chr19_14969854_buor,chr19,14969928,14969854,14970002
chr6_138346631_buor,chr6,138346705,138346631,138346778
chr27_32780981_buor,chr27,32781131,32780981,32781280
chr2_179069961_buor,chr2,179070035,179069961,179070108
chrX_94798642_buor,chrX,94798716,94798642,94798790
chrUn0670_3879_buor,chrUn0670,3953,3879,4026
chr3_108539654_buor,chr3,108539728,108539654,108539801
chr2_146340058_buor,chr2,146340215,146340058,146340371
chr23_16428235_buor,chr23,16428311,16428235,16428387
chrUn0053_2329827_buor,chrUn0053,2329901,2329827,2329974
chrUn0041_302928_buor,chrUn0041,303002,302928,303075
chr1_145274193_buor,chr1,145274267,145274193,145274340
chr20_71750986_buor,chr20,71751133,71750986,71751279
chr12_65325342_buor,chr12,65325416,65325342,65325489
chr16_25608374_buor,chr16,25608521,25608374,25608668
chr11_10499158_buor,chr11,10499232,10499158,10499305
chr21_6701532_buor,chr21,6701607,6701532,6701682
chr10_53613317_buor,chr10,53613391,53613317,53613464
chr8_122745807_buor,chr8,122745881,122745807,122745955
chr8_18773329_buor,chr8,18773487,18773329,18773645
chrUn0015_1112096_buor,chrUn0015,1112170,1112096,1112243
chr14_38800314_buor,chr14,38800469,38800314,38800623
chr4_53831999_buor,chr4,53832073,53831999,53832146
chr25_25637109_buor,chr25,25637183,25637109,25637256
chr6_40188224_buor,chr6,40188298,40188224,40188371
chr22_34670405_buor,chr22,34670479,34670405,34670552
chrX_93289601_buor,chrX,93289675,93289601,93289749
chr4_146418753_buor,chr4,146418826,146418753,146418899
chr5_132759923_buor,chr5,132759997,132759923,132760070
chr17_31132062_buor,chr17,31132137,31132062,31132211
chr4_74078038_buor,chr4,74078112,74078038,74078185
chr4_95078042_buor,chr4,95078186,95078042,95078329
chr8_68127586_buor,chr8,68127660,68127586,68127733
chr1_193861401_buor,chr1,193861546,193861401,193861690
chr19_58506301_buor,chr19,58506375,58506301,58506448
chr11_46260625_buor,chr11,46260699,46260625,46260772
chr25_3555984_buor,chr25,3556058,3555984,3556132
chr11_4416114_buor,chr11,4416188,4416114,4416261
chr11_50256899_buor,chr11,50256973,50256899,50257046
chr10_48302396_buor,chr10,48302529,48302396,48302662
chr23_9423792_buor,chr23,9423870,9423792,9423948
chr13_87845868_buor,chr13,87846003,87845868,87846137
chr11_9455853_buor,chr11,9455928,9455853,9456002
chrUn0035_849485_buor,chrUn0035,849559,849485,849633
chr3_182675544_buor,chr3,182675619,182675544,182675693
chr1_51980366_buor,chr1,51980440,51980366,51980513
chrUn0016_1892039_buor,chrUn0016,1892115,1892039,1892190
chr5_87337679_buor,chr5,87337822,87337679,87337964
chr18_18302111_buor,chr18,18302272,18302111,18302433
chr6_29167963_buor,chr6,29168039,29167963,29168114
chrX_113088050_buor,chrX,113088124,113088050,113088197
chr18_23168317_buor,chr18,23168391,23168317,23168465
chr6_4704992_buor,chr6,4705066,4704992,4705140
chr10_15452196_buor,chr10,15452270,15452196,15452343
chr13_63340438_buor,chr13,63340575,63340438,63340712
chrUn0098_135646_buor,chrUn0098,135720,135646,135794
chrUn0021_234755_buor,chrUn0021,234829,234755,234902
chr20_61684669_buor,chr20,61684815,61684669,61684960
chr2_173417795_buor,chr2,173417869,173417795,173417942
chr5_54952361_buor,chr5,54952435,54952361,54952508
chr13_63340438_buor,chr13,63340575,63340438,63340712
chr19_12481080_buor,chr19,12481154,12481080,12481227
chrUn0049_823251_buor,chrUn0049,823325,823251,823399
chrUn0048_832371_buor,chrUn0048,832445,832371,832518
chr17_40524350_buor,chr17,40524423,40524350,40524495
chr9_40859559_buor,chr9,40859635,40859559,40859710
chr1_28555794_buor,chr1,28555868,28555794,28555941
chr2_105112052_buor,chr2,105112194,105112052,105112336
chrUn0153_192803_buor,chrUn0153,192944,192803,193085
chr6_160922036_buor,chr6,160922110,160922036,160922184
chr2_210568487_buor,chr2,210568561,210568487,210568634
chr6_63313936_buor,chr6,63314013,63313936,63314089
chr11_63144509_buor,chr11,63144583,63144509,63144656
chr25_24941088_buor,chr25,24941248,24941088,24941407
chrUn0012_2641939_buor,chrUn0012,2642012,2641939,2642084
chr6_151874847_buor,chr6,151874921,151874847,151874994
chr6_4486830_buor,chr6,4486904,4486830,4486977
chr26_34300205_buor,chr26,34300358,34300205,34300510
chr7_81102171_buor,chr7,81102244,81102171,81102317
chr4_118399977_buor,chr4,118400052,118399977,118400126
chr18_63468180_buor,chr18,63468253,63468180,63468325
chr2_187198333_buor,chr2,187198474,187198333,187198614
chr3_8630783_buor,chr3,8630857,8630783,8630930
chr12_67213879_buor,chr12,67213953,67213879,67214026
chr12_27720480_buor,chr12,27720554,27720480,27720628
chrUn0067_1467249_buor,chrUn0067,1467323,1467249,1467396
chr20_30604305_buor,chr20,30604445,30604305,30604585
chr11_4416114_buor,chr11,4416188,4416114,4416262
chr10_38379979_buor,chr10,38380053,38379979,38380127
chr10_39735822_buor,chr10,39735896,39735822,39735969
chr3_52038292_buor,chr3,52038366,52038292,52038439
chrUn0006_183780_buor,chrUn0006,183854,183780,183927
chr20_46690317_buor,chr20,46690391,46690317,46690464
chr17_42820974_buor,chr17,42821048,42820974,42821121
chr12_79136350_buor,chr12,79136424,79136350,79136498
chr11_48643529_buor,chr11,48643605,48643529,48643680
chr19_18593081_buor,chr19,18593155,18593081,18593229
chr9_64508704_buor,chr9,64508778,64508704,64508851
chr10_76707775_buor,chr10,76707849,76707775,76707922
chr21_10827474_buor,chr21,10827548,10827474,10827621
chr25_3812106_buor,chr25,3812180,3812106,3812254
chr8_10835955_buor,chr8,10836029,10835955,10836103
chr2_16311933_buor,chr2,16312008,16311933,16312083
chr7_45094240_buor,chr7,45094314,45094240,45094387
chr18_13284139_buor,chr18,13284213,13284139,13284286
chr19_23626226_buor,chr19,23626303,23626226,23626380
chr2_154324588_buor,chr2,154324662,154324588,154324735
chr5_142443443_buor,chr5,142443517,142443443,142443590
chr23_34255351_buor,chr23,34255425,34255351,34255498
chr15_29001259_buor,chr15,29001333,29001259,29001406
chr10_82480769_buor,chr10,82480924,82480769,82481079
chr22_32428447_buor,chr22,32428521,32428447,32428595
chr11_4416114_buor,chr11,4416260,4416114,4416406
chr6_158367637_buor,chr6,158367711,158367637,158367784
chr2_118015753_buor,chr2,118015827,118015753,118015900
chr13_82513593_buor,chr13,82513667,82513593,82513740
chr14_53042421_buor,chr14,53042495,53042421,53042568
chr17_60414686_buor,chr17,60414760,60414686,60414833
chr4_161262974_buor,chr4,161263048,161262974,161263121
chr2_165133760_buor,chr2,165133834,165133760,165133907
chr1_22523530_buor,chr1,22523606,22523530,22523682
chr11_3302392_buor,chr11,3302466,3302392,3302540
chrUn0027_1449232_buor,chrUn0027,1449392,1449232,1449551
chrUn0073_1466918_buor,chrUn0073,1466992,1466918,1467065
chr8_118384708_buor,chr8,118384848,118384708,118384987
chr23_20829334_buor,chr23,20829408,20829334,20829481
chr2_160630333_buor,chr2,160630407,160630333,160630480
chr2_178537897_buor,chr2,178537974,178537897,178538050
chr18_71580900_buor,chr18,71581036,71580900,71581171
chr23_34326634_buor,chr23,34326708,34326634,34326782
chr4_109361426_buor,chr4,109361500,109361426,109361574
chr6_109655988_buor,chr6,109656063,109655988,109656138
chr8_3621377_buor,chr8,3621451,3621377,3621524
chr5_14110408_buor,chr5,14110560,14110408,14110712
chrUn0038_1615905_buor,chrUn0038,1615976,1615905,1616046
chr5_103358357_buor,chr5,103358430,103358357,103358502
chrX_24236744_buor,chrX,24236818,24236744,24236891
chr1_32148735_buor,chr1,32148809,32148735,32148882
chrUn0025_11175_buor,chrUn0025,11249,11175,11322
chr12_71284231_buor,chr12,71284305,71284231,71284379
chr1_21005254_buor,chr1,21005328,21005254,21005401
chrUn0014_208896_buor,chrUn0014,208970,208896,209043
chr25_14323375_buor,chr25,14323449,14323375,14323522
chr6_160922036_buor,chr6,160922188,160922036,160922340
chr8_126814424_buor,chr8,126814499,126814424,126814573
chr2_26208095_buor,chr2,26208169,26208095,26208242
chr2_137941616_buor,chr2,137941690,137941616,137941763
chr2_124609687_buor,chr2,124609761,124609687,124609835
chr2_168996291_buor,chr2,168996365,168996291,168996439
chr22_8331887_buor,chr22,8331960,8331887,8332033
chr23_25352933_buor,chr23,25353009,25352933,25353084
chr2_161921411_buor,chr2,161921485,161921411,161921558
chrUn0382_30318_buor,chrUn0382,30392,30318,30465
chr25_7130076_buor,chr25,7130150,7130076,7130223
chr7_52863359_buor,chr7,52863432,52863359,52863505
chr7_1967333_buor,chr7,1967477,1967333,1967620
chr4_99446859_buor,chr4,99446933,99446859,99447006
chrUn0008_5713396_buor,chrUn0008,5713470,5713396,5713543
chrUn0010_9761007_buor,chrUn0010,9761081,9761007,9761155
chr20_40941602_buor,chr20,40941676,40941602,40941749
chrUn0017_4514640_buor,chrUn0017,4514714,4514640,4514787
chr6_41442543_buor,chr6,41442617,41442543,41442690
chr9_60926790_buor,chr9,60926864,60926790,60926938
chr17_35506177_buor,chr17,35506251,35506177,35506324
chr7_78602084_buor,chr7,78602158,78602084,78602231
chr26_33594041_buor,chr26,33594115,33594041,33594189
chrUn0020_5685262_buor,chrUn0020,5685336,5685262,5685409
chr12_71712408_buor,chr12,71712483,71712408,71712557
chr11_38017679_buor,chr11,38017753,38017679,38017826
chr27_6274666_buor,chr27,6274740,6274666,6274813
chrX_34669168_buor,chrX,34669242,34669168,34669315
chr12_66764927_buor,chr12,66765001,66764927,66765074
chr6_142723623_buor,chr6,142723697,142723623,142723770
chr6_23258398_buor,chr6,23258472,23258398,23258545
chr14_19473633_buor,chr14,19473707,19473633,19473780
chr26_20851800_buor,chr26,20851874,20851800,20851947
chr2_80844888_buor,chr2,80844963,80844888,80845037
chr23_16264151_buor,chr23,16264225,16264151,16264299
chr11_65318509_buor,chr11,65318583,65318509,65318656
chrUn0009_4056501_buor,chrUn0009,4056575,4056501,4056649
chr15_23611266_buor,chr15,23611341,23611266,23611415
chr2_222057077_buor,chr2,222057151,222057077,222057224
chrX_49317424_buor,chrX,49317498,49317424,49317572
chrUn0073_692183_buor,chrUn0073,692237,692183,692290
chr23_12133183_buor,chr23,12133328,12133183,12133472
chr27_3608114_buor,chr27,3608188,3608114,3608262
chr5_115141968_buor,chr5,115142042,115141968,115142115
chrUn0017_3433123_buor,chrUn0017,3433197,3433123,3433270
chrUn0153_226650_buor,chrUn0153,226812,226650,226974
chr2_165839402_buor,chr2,165839476,165839402,165839549
chr12_57742816_buor,chr12,57742890,57742816,57742963
chr5_4782192_buor,chr5,4782266,4782192,4782339
chr4_41642712_buor,chr4,41642873,41642712,41643033
chr4_161679492_buor,chr4,161679566,161679492,161679639
chrUn0004_9798679_buor,chrUn0004,9798753,9798679,9798826
chr20_38200620_buor,chr20,38200694,38200620,38200768
chr12_82351556_buor,chr12,82351631,82351556,82351706
chr5_103040057_buor,chr5,103040129,103040057,103040201
chr1_141329817_buor,chr1,141329891,141329817,141329964
chr8_114898843_buor,chr8,114898998,114898843,114899152
chrUn0012_6994268_buor,chrUn0012,6994342,6994268,6994415
chr12_51327519_buor,chr12,51327593,51327519,51327666
chr5_111631346_buor,chr5,111631421,111631346,111631496
chr18_71941781_buor,chr18,71941855,71941781,71941928
chr19_58788415_buor,chr19,58788489,58788415,58788563
chr14_8504011_buor,chr14,8504086,8504011,8504161
chrUn0039_3222577_buor,chrUn0039,3222651,3222577,3222724
chr13_22037667_buor,chr13,22037742,22037667,22037817
chrUn0043_2015930_buor,chrUn0043,2015996,2015930,2016061
chrUn0115_83909_buor,chrUn0115,83983,83909,84056
chr11_9836909_buor,chr11,9836983,9836909,9837057
chr9_92927273_buor,chr9,92927347,92927273,92927420
chr9_64016524_buor,chr9,64016598,64016524,64016672
chr12_53511556_buor,chr12,53511631,53511556,53511705
chr19_48263807_buor,chr19,48263881,48263807,48263954
chr6_38286909_buor,chr6,38286983,38286909,38287056
chrUn0040_614994_buor,chrUn0040,615068,614994,615141
chr12_54083812_buor,chr12,54083887,54083812,54083962
chr22_50283528_buor,chr22,50283602,50283528,50283675
chr26_9272152_buor,chr26,9272227,9272152,9272301
chr25_49898275_buor,chr25,49898349,49898275,49898423
chr23_16590363_buor,chr23,16590437,16590363,16590510
chr11_63290860_buor,chr11,63290934,63290860,63291008
chrUn0036_358541_buor,chrUn0036,358615,358541,358689
chr7_78711281_buor,chr7,78711418,78711281,78711554
chr27_4315583_buor,chr27,4315657,4315583,4315730
chr12_54583441_buor,chr12,54583515,54583441,54583588
chrUn0042_2952879_buor,chrUn0042,2953029,2952879,2953178
chr6_140440725_buor,chr6,140440799,140440725,140440872
chr8_114846994_buor,chr8,114847068,114846994,114847141
chr10_36962251_buor,chr10,36962398,36962251,36962544
chr25_8255053_buor,chr25,8255127,8255053,8255201
chr12_5735345_buor,chr12,5735498,5735345,5735651
chr13_93938495_buor,chr13,93938569,93938495,93938642
chrUn0016_6268040_buor,chrUn0016,6268114,6268040,6268187
chr11_3677672_buor,chr11,3677835,3677672,3677997
chr8_72903115_buor,chr8,72903189,72903115,72903262
chr12_27789439_buor,chr12,27789513,27789439,27789586
chr17_45145441_buor,chr17,45145516,45145441,45145590
chrUn0011_8245095_buor,chrUn0011,8245169,8245095,8245242
chrUn0173_15685_buor,chrUn0173,15831,15685,15976
chrUn0005_5882293_buor,chrUn0005,5882367,5882293,5882440
chrUn0049_1573752_buor,chrUn0049,1573829,1573752,1573905
chrUn0151_23942_buor,chrUn0151,24099,23942,24256
chr4_118399977_buor,chr4,118400051,118399977,118400124
chr18_3260852_buor,chr18,3260926,3260852,3260999
chrUn0014_7899367_buor,chrUn0014,7899441,7899367,7899514
chr8_16308757_buor,chr8,16308831,16308757,16308904
chr9_15430032_buor,chr9,15430106,15430032,15430179
chr10_75856166_buor,chr10,75856313,75856166,75856460
chr11_32117838_buor,chr11,32117913,32117838,32117987
chr27_12298440_buor,chr27,12298514,12298440,12298587
chr13_53191179_buor,chr13,53191253,53191179,53191326
chr12_51297311_buor,chr12,51297385,51297311,51297458
chr1_171581178_buor,chr1,171581252,171581178,171581325
chr2_17229403_buor,chr2,17229475,17229403,17229547
chrUn0048_1024352_buor,chrUn0048,1024426,1024352,1024499
chrUn0151_185127_buor,chrUn0151,185274,185127,185421
chrX_7767187_buor,chrX,7767261,7767187,7767334
chrX_22780393_buor,chrX,22780467,22780393,22780541
chr2_8310110_buor,chr2,8310184,8310110,8310257
chr3_57136875_buor,chr3,57136949,57136875,57137023
chrUn0015_5650563_buor,chrUn0015,5650637,5650563,5650710
chr25_14736243_buor,chr25,14736317,14736243,14736391
chr8_102222965_buor,chr8,102223040,102222965,102223115
chr12_68594878_buor,chr12,68594952,68594878,68595026
chr10_36856273_buor,chr10,36856413,36856273,36856552
chr2_71587152_buor,chr2,71587227,71587152,71587301
chrUn0007_4793831_buor,chrUn0007,4793905,4793831,4793978
chrUn0009_7487018_buor,chrUn0009,7487092,7487018,7487165
chr20_14341327_buor,chr20,14341401,14341327,14341474
chr12_50828225_buor,chr12,50828299,50828225,50828372
chr19_45774714_buor,chr19,45774857,45774714,45775000
chr13_28938269_buor,chr13,28938343,28938269,28938416
chrUn0011_7789300_buor,chrUn0011,7789374,7789300,7789447
chr19_53703217_buor,chr19,53703291,53703217,53703364
chr7_50825704_buor,chr7,50825778,50825704,50825852
chr12_53439323_buor,chr12,53439397,53439323,53439471
chrUn0048_1286542_buor,chrUn0048,1286616,1286542,1286689
chr18_54228110_buor,chr18,54228184,54228110,54228257
chr15_64907127_buor,chr15,64907201,64907127,64907274
chr5_74443418_buor,chr5,74443492,74443418,74443565
chrUn0003_11910972_buor,chrUn0003,11911046,11910972,11911119
chr3_41840021_buor,chr3,41840095,41840021,41840168
chr11_60839153_buor,chr11,60839227,60839153,60839300
chr18_69047043_buor,chr18,69047117,69047043,69047190
chr20_7123115_buor,chr20,7123189,7123115,7123262
chr9_58736624_buor,chr9,58736698,58736624,58736772
chr2_195889644_buor,chr2,195889719,195889644,195889794
chr13_52523540_buor,chr13,52523614,52523540,52523688
chr15_81449136_buor,chr15,81449210,81449136,81449283
chrUn0043_2676285_buor,chrUn0043,2676359,2676285,2676432
chrUn0054_1577595_buor,chrUn0054,1577738,1577595,1577880
chr9_86963308_buor,chr9,86963382,86963308,86963455
chrUn0073_793500_buor,chrUn0073,793574,793500,793647
chr13_40696496_buor,chr13,40696570,40696496,40696643
chr11_61475614_buor,chr11,61475688,61475614,61475761
chr12_38901185_buor,chr12,38901259,38901185,38901332
chr16_25608374_buor,chr16,25608521,25608374,25608668
chr3_53849153_buor,chr3,53849312,53849153,53849471
chrUn0046_2679136_buor,chrUn0046,2679211,2679136,2679286
chr11_9925383_buor,chr11,9925457,9925383,9925530
chr9_10689437_buor,chr9,10689511,10689437,10689585
chr27_32613941_buor,chr27,32614017,32613941,32614092
chr5_44575534_buor,chr5,44575608,44575534,44575681
chr19_21209688_buor,chr19,21209761,21209688,21209833
chr20_30290249_buor,chr20,30290321,30290249,30290393
chr12_45513515_buor,chr12,45513589,45513515,45513663
chrUn0027_2900185_buor,chrUn0027,2900259,2900185,2900333
chr11_46326554_buor,chr11,46326628,46326554,46326702
chr1_96672885_buor,chr1,96672959,96672885,96673032
chr11_52524409_buor,chr11,52524483,52524409,52524556
chr6_5302449_buor,chr6,5302523,5302449,5302596
chr9_53283987_buor,chr9,53284061,53283987,53284134
chr7_25553918_buor,chr7,25553992,25553918,25554065
chr8_8989542_buor,chr8,8989617,8989542,8989691
chr17_29771334_buor,chr17,29771491,29771334,29771648
chr6_52370004_buor,chr6,52370078,52370004,52370151
chrUn0054_443627_buor,chrUn0054,443701,443627,443774
chr20_19584233_buor,chr20,19584372,19584233,19584511
chr9_61611225_buor,chr9,61611299,61611225,61611372
chr22_50888184_buor,chr22,50888258,50888184,50888331
chr5_118654045_buor,chr5,118654119,118654045,118654193
chr21_26304707_buor,chr21,26304781,26304707,26304854
chr20_18649811_buor,chr20,18649883,18649811,18649955
chr23_49558379_buor,chr23,49558522,49558379,49558664
chr12_71192995_buor,chr12,71193136,71192995,71193277
chr5_77814769_buor,chr5,77814844,77814769,77814918
chr17_14062336_buor,chr17,14062410,14062336,14062483
chr21_16078111_buor,chr21,16078186,16078111,16078260
chr13_36212638_buor,chr13,36212785,36212638,36212932
chr11_53918898_buor,chr11,53918972,53918898,53919046
chr4_48090654_buor,chr4,48090728,48090654,48090802
chr3_15975033_buor,chr3,15975108,15975033,15975183
chr8_119147147_buor,chr8,119147220,119147147,119147293
chr1_154043144_buor,chr1,154043301,154043144,154043457
chr2_111729637_buor,chr2,111729711,111729637,111729784
chrUn0142_347909_buor,chrUn0142,348068,347909,348227
chr8_17093784_buor,chr8,17093859,17093784,17093933
chrUn0098_252821_buor,chrUn0098,252895,252821,252968
chr6_47879067_buor,chr6,47879141,47879067,47879214
chr9_70457737_buor,chr9,70457811,70457737,70457885
chrUn0001_12178254_buor,chrUn0001,12178328,12178254,12178402
chr20_53701518_buor,chr20,53701592,53701518,53701665
chrUn0037_1197980_buor,chrUn0037,1198054,1197980,1198127
chr9_44572190_buor,chr9,44572264,44572190,44572338
chr20_37965294_buor,chr20,37965432,37965294,37965570
chr17_66625383_buor,chr17,66625457,66625383,66625530
chr2_201960107_buor,chr2,201960181,201960107,201960254
chrUn0003_11845853_buor,chrUn0003,11845991,11845853,11846128
chr27_3268281_buor,chr27,3268355,3268281,3268428
chr6_151874847_buor,chr6,151874921,151874847,151874994
chr15_5426455_buor,chr15,5426528,5426455,5426601
chr21_10531971_buor,chr21,10532047,10531971,10532122
chr19_13634746_buor,chr19,13634820,13634746,13634893
chr7_52627389_buor,chr7,52627463,52627389,52627536
chr15_35108308_buor,chr15,35108384,35108308,35108460
chr18_68632502_buor,chr18,68632576,68632502,68632649
chr15_14929001_buor,chr15,14929075,14929001,14929148
chr2_180834153_buor,chr2,180834227,180834153,180834300
chr1_171748519_buor,chr1,171748593,171748519,171748667
chr23_26766795_buor,chr23,26766869,26766795,26766942
chrUn0053_397191_buor,chrUn0053,397330,397191,397469
chrUn0022_1877365_buor,chrUn0022,1877514,1877365,1877662
chr2_211882765_buor,chr2,211882897,211882765,211883028
chr18_12479541_buor,chr18,12479615,12479541,12479688
chr1_199237758_buor,chr1,199237831,199237758,199237903
chr17_41454666_buor,chr17,41454740,41454666,41454813
chr9_15627342_buor,chr9,15627416,15627342,15627489
chr5_124041502_buor,chr5,124041576,124041502,124041650
chr5_142927989_buor,chr5,142928063,142927989,142928136
chr19_62659731_buor,chr19,62659870,62659731,62660008
chrUn0006_1740442_buor,chrUn0006,1740516,1740442,1740590
chrUn0031_4010218_buor,chrUn0031,4010293,4010218,4010367
chrUn0005_6680498_buor,chrUn0005,6680646,6680498,6680794
chr11_23884552_buor,chr11,23884624,23884552,23884696
chr27_18892959_buor,chr27,18893034,18892959,18893108
chr9_7906882_buor,chr9,7906956,7906882,7907030
chr5_116792356_buor,chr5,116792430,116792356,116792503
chrUn0025_735626_buor,chrUn0025,735700,735626,735774
chrUn0027_4778875_buor,chrUn0027,4778949,4778875,4779022
chrUn0044_2072200_buor,chrUn0044,2072274,2072200,2072347
chrUn1133_1_buor,chrUn1133,68,1,135
chr2_207436041_buor,chr2,207436115,207436041,207436188
