SNP,Chromosome,Position,RefAllele,AltAllele,rac.EasternForest,rac.EasternSavanna,rac.NorthernSavanna1,rac.NorthernSavanna2,rac.SouthernSavanna,rac.WesternForest,cov.EasternForest,cov.EasternSavanna,cov.NorthernSavanna1,cov.NorthernSavanna2,cov.SouthernSavanna,cov.WesternForest,FST,Q1,Q2,test,mean_cov
chr1_5272154,chr1,5272154,C,G,53,180,647,536,59,89,117,298,996,804,105,153,-0.0418671018276869,0.51286818955406,0.532443428157591,global,412.166666666667
chr1_5272173,chr1,5272173,T,C,95,358,1122,893,121,127,144,358,1133,899,121,186,0.279845422014058,0.933321673566385,0.907411091351951,global,473.5
chr1_14115905,chr1,14115905,T,G,41,66,49,53,56,9,308,175,144,241,180,125,0.0215763795353283,0.644947385306295,0.63711769905444,global,195.5
chr1_14116010,chr1,14116010,G,C,355,122,99,134,79,121,358,233,183,275,188,128,0.249959125158893,0.647888725178328,0.530543885496553,global,227.5
chr1_14116080,chr1,14116080,G,C,279,258,169,261,217,89,355,258,170,281,218,131,0.116607668464523,0.837463890620752,0.816009146132462,global,235.5
chr1_14116176,chr1,14116176,C,T,292,104,80,126,96,99,305,197,135,224,167,106,0.15592137277268,0.633745078368405,0.566089094288892,global,189
chr1_14116178,chr1,14116178,G,A,139,202,126,198,177,52,314,204,133,230,178,106,0.332686120697306,0.744174632064283,0.616634126952312,global,194.166666666667
chr1_14116277,chr1,14116277,C,T,145,141,91,154,119,56,340,185,119,227,157,138,0.076433088280848,0.548085279245278,0.510685457631309,global,194.333333333333
chr1_14116357,chr1,14116357,T,C,279,93,69,128,68,127,306,157,121,201,122,137,0.109880815254141,0.639913362706881,0.595462446530766,global,174
chr1_14116359,chr1,14116359,A,T,226,146,102,180,114,104,300,149,120,212,122,130,0.00544650674132185,0.735422494812023,0.733973580122792,global,172.166666666667
chr1_14116367,chr1,14116367,T,C,292,87,70,134,65,125,295,152,117,208,126,130,0.200022952317313,0.687281703551332,0.60909091410244,global,171.333333333333
chr1_14116369,chr1,14116369,A,T,293,96,76,136,65,124,296,158,123,207,122,129,0.180553436926043,0.690858677871716,0.622743768710659,global,172.5
chr1_18458466,chr1,18458466,A,G,472,110,187,130,104,141,621,129,226,179,137,240,-0.011404970164041,0.613671893394936,0.618028269583839,global,255.333333333333
chr1_18458497,chr1,18458497,C,T,287,64,97,74,67,127,522,108,181,134,109,207,-0.0508890254970985,0.483755141055477,0.508754162980886,global,210.166666666667
chr1_18458512,chr1,18458512,G,A,49,38,54,35,27,14,515,120,204,153,110,190,0.0204530921069071,0.721500057388847,0.715684935180717,global,215.333333333333
chr1_18458521,chr1,18458521,G,A,304,78,137,98,85,122,482,113,205,155,116,164,-0.045197417047823,0.534704658309745,0.554825400349257,global,205.833333333333
chr1_18458538,chr1,18458538,G,A,256,87,134,101,80,65,418,109,187,135,110,150,0.0106895607765182,0.544508061851908,0.539586443153667,global,184.833333333333
chr1_18458541,chr1,18458541,A,G,257,90,150,109,76,79,397,105,194,145,106,148,-0.00463693746311403,0.56939839653788,0.571385853530864,global,182.5
chr1_46477384,chr1,46477384,A,G,25,12,10,28,12,13,151,104,112,196,107,100,-0.0513672026960974,0.762189703194735,0.773808526463988,global,128.333333333333
chr1_46477401,chr1,46477401,A,G,26,11,9,28,7,11,154,110,117,200,111,102,-0.0411994018711946,0.786132435351438,0.79459499855243,global,132.333333333333
